sheet,group,learning_path,course,section,lesson_name,video_url,source
Beginners,,,,2. General Information,What is IaaS?,https://vimeo.com/1044682886/b001a44ea2,vimeo
Beginners,,,,2. General Information,What is PaaS?,https://vimeo.com/1044683093,vimeo
Beginners,,,,2. General Information,What is SaaS?,https://vimeo.com/1044683364,vimeo
Beginners,,,,3. ERP Information,What is an ERP Application?,https://vimeo.com/1044683781,vimeo
Beginners,,,,3. ERP Information,The History of ERP Applications?,https://vimeo.com/1044684220,vimeo
Beginners,,,,3. ERP Information,The Rise of the Offshore Worker,https://vimeo.com/1044684864,vimeo
Beginners,,,,2. Oracle Cloud,2.1 - What is Oracle Cloud?,https://vimeo.com/1054816305,vimeo
Beginners,,,,2. Oracle Cloud,2.2 - Fusion Versus Oracle Cloud,https://vimeo.com/1059383079,vimeo
Beginners,,,,2. Oracle Cloud,2.3 - How and When was Oracle Cloud Created?,https://vimeo.com/1059384172,vimeo
Beginners,,,,2. Oracle Cloud,2.4 - How is Oracle Cloud Organized?,https://vimeo.com/1059384304,vimeo
Beginners,,,,2. Oracle Cloud,2.5 - How to Access Oracle Cloud Instances,https://vimeo.com/1059384360,vimeo
Beginners,,,,2. Oracle Cloud,2.6 - What are the End-User Training Options for Oracle Cloud?,https://vimeo.com/1059384406,vimeo
Beginners,,,,2. Oracle Cloud,2.7 - How is Oracle Cloud ERP secured?,https://vimeo.com/1059384472,vimeo
Beginners,,,,2. Oracle Cloud,2.8 - Is Oracle Cloud Multi-Tenancy?,https://vimeo.com/1054817015,vimeo
Beginners,,,,2. Oracle Cloud,2.9 - An Overview of Oracle Cloud Users,https://vimeo.com/1054820414,vimeo
Beginners,,,,3. Software as a Service,What is Oracle Cloud ERP Pillar?,https://vimeo.com/1054821492/7aef08c073,vimeo
Beginners,,,,5. Oracle Cloud Technologies,What is OTBI?,https://vimeo.com/1059388912/cfafc87f30,vimeo
Beginners,,,,2. Careers Overview,2.1 - How to Build a Career in ERP Apps from Anywhere,https://vimeo.com/1054834115/d4f3027c34,vimeo
Beginners,,,,2. Careers Overview,2.2 - The Best ERP Careers Options,https://vimeo.com/1054834062,vimeo
Beginners,,,,3. Operational Careers,3.1 - 6 Legit Jobs that Make Over 100K Remotely,https://vimeo.com/1054840909/e08c942d9b,vimeo
Beginners,,,,3. Operational Careers,3.2 - What is a Contract Administrator?,https://vimeo.com/1054835394,vimeo
Beginners,,,,3. Operational Careers,3.3 - What is a Commodity Buyer?,https://vimeo.com/1054835704,vimeo
Beginners,,,,3. Operational Careers,3.4 - What is a Category Manager?,https://vimeo.com/1054835523,vimeo
Beginners,,,,3. Operational Careers,3.5 - What is a Sourcing Specialist?,https://vimeo.com/1054835626,vimeo
Users - HCM,,,,3. Applications,Introducing OC's New Person Application,https://vimeo.com/998776195/4bd23bcb0b,vimeo
Users - HCM,,,,3. Applications,Introducing OC's Person Management Application,https://vimeo.com/998776247/46c95d4729,vimeo
Users - HCM,,,,3. Quick Actions,Introducing OC's Hire Action,https://vimeo.com/998776311/80e4f87b1c,vimeo
Users - HCM,,,,3. Quick Actions,Introducing OC's Transfer Action,https://vimeo.com/998776385/f6b51b8fa9,vimeo
Users - HCM,,,,3. Quick Actions,Introducing OC's Termination Action,https://vimeo.com/998777985/4c3b8ddbcc,vimeo
Users - HCM,,,,3. Applications,Introducing OC's Person Spotlight Application,https://vimeo.com/998778055/fa554daf61,vimeo
Users - HCM,,,,3. Applications,Introducing OC's Hiring Application,https://vimeo.com/998795350/04a850cadb,vimeo
Users - HCM,Core HR,,w,1. Course Overview,New Person App,https://vimeo.com/999255923/d075c114da,vimeo
Users - HCM,,,,1. Course Overview,New Person Dashboard,https://vimeo.com/999256368/c0a3a7f516,vimeo
Users - HCM,,,,2. Create New,How to Hire a new employee,https://vimeo.com/999256627/8246222f76,vimeo
Users - HCM,,,,3. Find Existing,How to Find a Pending Worker,https://vimeo.com/999256943/d607f84a25,vimeo
Users - HCM,,,,4. Change Existing,How to edit a pending worker,https://vimeo.com/999257249/21c03577ac,vimeo
Users - HCM,,,,4. Change Existing,How to convert a pending worker,https://vimeo.com/999257601/89f4e120b1,vimeo
Users - HCM,,,,4. Change Existing,Manage work relationship of pending worker,https://vimeo.com/999257868/e636099d19,vimeo
ERP,,,,1. Course Overview,1.1 Basic Procurement LP Overview,https://vimeo.com/969275043,vimeo
ERP,,,,2. Functional Area Overview,2.1 - Introducing Oracle Cloud Procurement,https://vimeo.com/969271847,vimeo
ERP,,,,2. Functional Area Overview,2.2 - How Procure-to-Pay Interacts with Order-to-Cash,https://vimeo.com/1059502170,vimeo
ERP,,,,3. Applications,3.1 - Introducing Oracle Cloud's Suppliers Application,https://vimeo.com/962350446,vimeo
ERP,,,,3. Applications,3.2 - Introducing Oracle Cloud's Supplier Registration Application,https://vimeo.com/962351872,vimeo
ERP,,,,3. Applications,3.3 - Introducing Oracle Cloud's Supplier Qualification Application,https://vimeo.com/969276317,vimeo
ERP,,,,3. Applications,3.4 - Introducing Oracle Cloud's Purchase Requisitions Application,https://vimeo.com/962358631,vimeo
ERP,,,,3. Applications,3.5 - Introducing Oracle Cloud's Negotiations Application,https://vimeo.com/969208263,vimeo
ERP,,,,3. Applications,3.6 - Introducing Oracle Cloud's Purchase Agreements Application,https://vimeo.com/969210586,vimeo
ERP,,,,3. Applications,3.7 - Introducing Oracle Cloud's Purchase Orders Application,https://vimeo.com/962360694,vimeo
ERP,,,,3. Applications,3.8 - Introducing Oracle Cloud's My Receipts Application,https://vimeo.com/982620300,vimeo
ERP,,,,3. Applications,3.9 - Introducing Oracle Cloud's Catalogs Application,https://vimeo.com/969269473,vimeo
ERP,,,,3. Applications,3.10 - Introducing Oracle Cloud's Supplier Portal Application,https://vimeo.com/969270717,vimeo
ERP,,,,3. Applications,3.11 - Introducing Oracle Cloud's Supplier Qualifications Application,https://vimeo.com/996390926,vimeo
ERP,,,,2. Create New,How Requesters Suggest a New Supplier Be Created,https://vimeo.com/970203373,vimeo
ERP,,,,2. Create New,How to Create a Spend Authorized Supplier in Oracle Cloud,https://vimeo.com/980767499,vimeo
ERP,,,,2. Create New,How to Create a Bidder in Oracle Cloud,https://vimeo.com/980769612,vimeo
ERP,,,,3. Find Existing,How to Find a Supplier in Oracle Cloud,https://vimeo.com/970207618,vimeo
ERP,,,,3. Find Existing,How to Research Suppliers in Oracle Cloud,https://vimeo.com/970207949,vimeo
ERP,,,,4. Change Existing,How to Change a Supplier in Oracle Cloud,https://vimeo.com/970208652,vimeo
ERP,,,,2. Create New,How to Create a Local Catalog Requisiton in Oracle Cloud,https://vimeo.com/980772926,vimeo
ERP,,,,2. Create New,How to Create a Remote Catalog Requisiton in Oracle Cloud,https://vimeo.com/980773698,vimeo
ERP,,,,2. Create New,How to Create a Shop by Category Requisiton in Oracle Cloud,https://vimeo.com/980775200,vimeo
ERP,,,,2. Create New,How to Create a SmartForm Catalog Requisiton in Oracle Cloud,https://vimeo.com/980799696,vimeo
ERP,,,,2. Create New,How to Create a Non-Catalog Requisiton in Oracle Cloud,https://vimeo.com/980801056,vimeo
ERP,,,,3. Find Existing,How to Find a Purchase Requisitons in Oracle Cloud,https://vimeo.com/980802334,vimeo
ERP,,,,4. Change Existing,How to Change a Purchase Requisitons in Oracle Cloud,https://vimeo.com/980802780,vimeo
ERP,,,,4. Change Existing,How to Change a PO using the Requisition in Oracle Cloud,https://vimeo.com/980803571,vimeo
ERP,,,,2. Create New,How to Create a Purchase Order using the Online Pages in Oracle Cloud,https://vimeo.com/980804338,vimeo
ERP,,,,2. Create New,How to Create a PO from an Approved Requisition in Oracle Cloud,https://vimeo.com/980805968,vimeo
ERP,,,,3. Find Existing,How to Find Purchase Orders in Oracle Cloud,https://vimeo.com/980807397,vimeo
ERP,,,,4. Change Existing,How to Change Purchase Orders in Oracle Cloud,https://vimeo.com/980809328,vimeo
ERP,,,,2. Create New,How to Create a Receipt in Oracle Cloud,https://vimeo.com/980864076,vimeo
ERP,,,,3. Find Existing,How to Find My Receipts in Oracle Cloud,https://vimeo.com/980864483,vimeo
ERP,,,,4. Change Existing,How to Change My Receipts in Oracle Cloud,https://vimeo.com/980864727,vimeo
ERP,,,,Learning Path Overview,The Oracle Cloud Contract Management LP,https://vimeo.com/969180552,vimeo
ERP,Procurement,Contract Management,1. Introducing Oracle Cloud Contract Management,1. Course Overview,The Oracle Cloud Contract Management Course,https://vimeo.com/1050543333,vimeo
ERP,,,,2. Functional Area Overview,Introducing Oracle Cloud Contract Management,https://vimeo.com/951327895,vimeo
ERP,,,,3. Applications/Transactions,Introducing Oracle Cloud's Contracts Transaction,https://vimeo.com/951330604,vimeo
ERP,,,,3. Applications/Transactions,Introducing Oracle Cloud's Terms Library Transaction,https://vimeo.com/951331099,vimeo
ERP,,,,4. Popular Integrations,Introducing DocuSign,https://vimeo.com/951333876,vimeo
ERP,Procurement,Contract Management,2. How to Use the Contracts Application,1. Course Overview,The How to Use Oracle Cloud's Contracts Application Course,https://vimeo.com/1050553232/4a44dbf221,vimeo
ERP,,,,2. Create New,Step 1 - How a Contract Admin Creates the Contract Record in Oracle Cloud,https://vimeo.com/951348524/f313564921,vimeo
ERP,,,,2. Create New,Step 2 - How a Contract Admin Authors the Contract Document in Oracle Cloud,https://vimeo.com/951349756/c1cd5ee844,vimeo
ERP,,,,2. Create New,Step 3 - How a Supplier Redlines & Returns the Contract Document in Oracle Cloud,https://vimeo.com/951531902/3de1bfc41a,vimeo
ERP,,,,2. Create New,Step 4 - How a Contract Admin Uploads the Document & Completes the Contract Record,https://vimeo.com/951532358/8291c321da,vimeo
ERP,,,,2. Create New,Step 5 - How a Contract Approver Approves the Contract Record in Oracle Cloud,https://vimeo.com/951540128/ae56464439,vimeo
ERP,,,,2. Create New,Step 6 - How Parties Digitally Sign a Contract Document in Oracle Cloud,https://vimeo.com/951533791/2dd1980a83,vimeo
ERP,,,,2. Create New,Step 7 - How a Contract Admin Creates Fulfillment Transactions in Oracle Cloud,https://vimeo.com/951535569/a6904833b7,vimeo
ERP,,,,2. Create New,Step 8 - How a Supplier Completes Contract Deliverables in Oracle Cloud,https://vimeo.com/951537696/2a58fb08b3,vimeo
ERP,,,,2. Create New,How to Create Supplier Paper in Oracle Cloud,https://vimeo.com/954192455/93610bc479,vimeo
ERP,,,,3. Find Existing,How to Find a Contract in Oracle Cloud,https://vimeo.com/952140220/d3ae2995b9,vimeo
ERP,,,,3. Find Existing,"How to Find ""My Contracts"" in Oracle Cloud",https://vimeo.com/952140378/616d290b64,vimeo
ERP,,,,4. Change Existing,How to Extend Active Contracts in Oracle Cloud,https://vimeo.com/952140479/cc171befe9,vimeo
ERP,,,,4. Change Existing,How to Link Master Service Contracts to Purchase Agreements,https://vimeo.com/952140668/0b0f819a61,vimeo
ERP,,,,4. Change Existing,How to Link Master Service Contracts to Purchase Orders,https://vimeo.com/952141102/ba8cb547f3,vimeo
ERP,Procurement,Contract Management,3. How to Use the Terms Library Application,1. Course Overview,The How to Use Oracle Cloud's Terms Library Application Course,https://vimeo.com/1050580488,vimeo
ERP,,,,2. Create New,Step 1 - How a Contract Admin Creates a Section in Oracle Cloud,https://vimeo.com/952138189/54e09a720a,vimeo
ERP,,,,2. Create New,Step 2 - How a Contract Admin Creates a Clause in Oracle Cloud,https://vimeo.com/952138327/810d59f8bc,vimeo
ERP,,,,2. Create New,Step 3 - How a Contract Admin Creates a Constant in Oracle Cloud,https://vimeo.com/952138621/c9a08c9db1,vimeo
ERP,,,,2. Create New,Step 4 - How a Contract Admin Creates a Question in Oracle Cloud,https://vimeo.com/952138764/8d428e7bdd,vimeo
ERP,,,,2. Create New,Step 5 - How a Contract Admin Creates a Rule in Oracle Cloud,https://vimeo.com/952138891/6963bedb3f,vimeo
ERP,,,,2. Create New,Step 6 - How a Contract Admin Creates a Deliverable in Oracle Cloud,https://vimeo.com/952139226/d4d4ecf13d,vimeo
ERP,,,,2. Create New,Step 7 - How a Contract Admin Creates a Terms Template in Oracle Cloud,https://vimeo.com/952139531/b8a5a010d7,vimeo
ERP,,,,3. Find Existing,How a Contract Admin Finds a Section in Oracle Cloud,https://vimeo.com/954178119/978b3fbd53,vimeo
ERP,,,,3. Find Existing,How a Contract Admin Finds a Clause in Oracle Cloud,https://vimeo.com/954178222/ca0b7ad703,vimeo
ERP,,,,3. Find Existing,How a Contract Admin Finds a Constant in Oracle Cloud,https://vimeo.com/954178329/6497d1df34,vimeo
ERP,,,,3. Find Existing,How a Contract Admin Finds a Question in Oracle Cloud,https://vimeo.com/954178455/b7d5edb8d3,vimeo
ERP,,,,3. Find Existing,How a Contract Admin Finds a Rule in Oracle Cloud,https://vimeo.com/954178595/7d1911bb51,vimeo
ERP,,,,3. Find Existing,How a Contract Admin Finds a Terms Template in Oracle Cloud,https://vimeo.com/954178823/050152b082,vimeo
ERP,,,,4. Change Existing,How a Contract Admin Changes a Section in Oracle Cloud,https://vimeo.com/954178973/5ecea76e96,vimeo
ERP,,,,4. Change Existing,How a Contract Admin Changes a Clause in Oracle Cloud,https://vimeo.com/954179088/5e1a589159,vimeo
ERP,,,,4. Change Existing,How a Contract Admin Changes a Constant in Oracle Cloud,https://vimeo.com/954179212/429148a9b2,vimeo
ERP,,,,4. Change Existing,How a Contract Admin Changes a Question in Oracle Cloud,https://vimeo.com/954179330/db2f3e8562,vimeo
ERP,,,,4. Change Existing,How a Contract Admin Changes a Rule in Oracle Cloud,https://vimeo.com/954179438/b030cbd7ba,vimeo
ERP,,,,4. Change Existing,How a Contract Admin Changes a Terms Template in Oracle Cloud,https://vimeo.com/954179635/e1a74c24b1,vimeo
ERP,Procurement,Advanced Procurement,How to Use the Supplier Qualification Application,1. Course Overview,Generic Course Overview,https://vimeo.com/998819287/2f184db1a1,vimeo
ERP,,,,1. Learn about,The SQM House,https://vimeo.com/996390577/2dd73bc703,vimeo
ERP,,,,2. Create new,STEP 1 - Plan the Initiative,https://vimeo.com/996397172/4aa333204a,vimeo
ERP,,,,2. Create new,STEP 2 - How to Create a Question,https://vimeo.com/996397420/1909da1416,vimeo
ERP,,,,2. Create new,STEP 3 - How to Create a Qualification Area,https://vimeo.com/998823504/d1c39fe124,vimeo
ERP,,,,2. Create new,STEP 4 - How to Create a Qualification Model,https://vimeo.com/996400972/17533cb3f4,vimeo
ERP,,,,2. Create new,STEP 5 - How to Create a Supplier Initiative,https://vimeo.com/998917904/e72d24f615,vimeo
ERP,,,,2. Create new,STEP 6 - How a Supplier Responds,https://vimeo.com/996404573/850fea8ee9,vimeo
ERP,,,,2. Create new,STEP 7 - How to Review and Accept responses,https://vimeo.com/998817733/5640476cb7,vimeo
ERP,,,,2. Create new,STEP 8 - How to Evaluate Responses,https://vimeo.com/998818792/9c556f76a4,vimeo
ERP,,,,2. Create new,How to Create an Assessment,https://vimeo.com/996389766/078cbf0e04,vimeo
ERP,,,,2. Create new,How to Create an Internal Survey,https://vimeo.com/996388968/29a566e780,vimeo
ERP,,,,2. Create new,2.11 - How to Duplicate an Initiative in Oracle Cloud,https://vimeo.com/998818611/204f4a8971,vimeo
ERP,,,,3. Find existing,How to find Qualifications on the Supplier Profile,https://vimeo.com/996388738/017c0d429d,vimeo
ERP,,,,3. Find existing,How to find Suppliers for Qualifications using the Infolet,https://vimeo.com/996386303/91d98425a6,vimeo
ERP,,,,3. Find existing,How to use the Research Supplier Function,https://vimeo.com/996388241/093fdfd6bc,vimeo
ERP,,,,4. Change existing,Cancel ongoing Initiative,https://vimeo.com/996386822/5364c91f52,vimeo
ERP,,,,2. Create New,Step 1 - How to Plan & Request a Negotiation in Oracle Cloud,https://vimeo.com/980868404/5cfbdfcff8,vimeo
ERP,,,,2. Create New,Step 2 - How to Create and Publish a Negotiation in Oracle Cloud,https://vimeo.com/980869256/122011ae34,vimeo
ERP,,,,2. Create New,Step 3 - How to Acknowledge and Preview Negotiation in Oracle Cloud,https://vimeo.com/982662387/5bbeceb477,vimeo
ERP,,,,2. Create New,Step 4 - How to Respond to a Negotiation in Oracle Cloud,https://vimeo.com/982663164/6e47e6773c,vimeo
ERP,,,,2. Create New,Step 5 - How to Monitor Responses to Negotiations in Oracle Cloud,https://vimeo.com/982664052/c914aef56b,vimeo
ERP,,,,2. Create New,Step 6 - How to Request Best and Final Offers (BAFO) in Oracle Cloud,https://vimeo.com/982665623/e29c3e02b7,vimeo
ERP,,,,2. Create New,Step 7 - How to Execute a Contract from within a Negotiation in Oracle Cloud,https://vimeo.com/982668045/bd203ec926,vimeo
ERP,,,,2. Create New,Step 8 - How to Award a Negotiation in Oracle Cloud,https://vimeo.com/982669557/1899688d1c,vimeo
ERP,,,,2. Create New,How to Create a Buyer-Managed Contract Purchase Agreement in Oracle Cloud,https://vimeo.com/982671847/8b5aa0f064,vimeo
ERP,,,,2. Create New,How to Create a Buyer-Managed Blanket Purchase Agreement in Oracle Cloud,https://vimeo.com/982670482/44944d0d3d,vimeo
ERP,,,,2. Create New,How to Create a Supplier-Managed Blanket Purchase Agreement in Oracle Cloud,https://vimeo.com/982674132/95bc9af5a4,vimeo
ERP,,,,3. Find Existing,How Buyer Finds Purchase Agreements in Oracle Cloud,https://vimeo.com/982675783/7be27f079d,vimeo
ERP,,,,3. Find Existing,How Buyer Finds Transactions for Purchase Agreements in Oracle Cloud,https://vimeo.com/982676619/8cf2cfee4c,vimeo
ERP,,,,3. Find Existing,How Supplier Finds Blanket Purchase Agreements in Oracle Cloud,https://vimeo.com/982677035/71764dd98a,vimeo
ERP,,,,4. Change Existing,How Buyer Changes Purchase Agreements in Oracle Cloud,https://vimeo.com/982677556/7eb4e6b0ad,vimeo
ERP,,,,4. Change Existing,How Supplier Changes Purchase Agreements in Oracle Cloud,https://vimeo.com/987390434/fe8e6e5d64,vimeo
ERP,,,,2. Create New,How to Create a Local Catalog in Oracle Cloud,https://vimeo.com/987391203/001a4aeb2e,vimeo
ERP,,,,2. Create New,How to Create a Remote (Punchout) Catalog in Oracle Cloud,https://vimeo.com/987391906/b234bca451,vimeo
ERP,,,,2. Create New,How to Create an Informational Item in Oracle Cloud,https://vimeo.com/987393062/f10c3b52aa,vimeo
ERP,,,,2. Create New,How to Create a SmartForm in Oracle Cloud,https://vimeo.com/987393748/ae65376607,vimeo
ERP,,,,3. Find Existing,How to Find a Local Catalog in Oracle Cloud,https://vimeo.com/987395751/817cb40238,vimeo
ERP,,,,3. Find Existing,How to Find a Remote (Punchout) Catalog in Oracle Cloud,https://vimeo.com/987396087/bc4920c808,vimeo
ERP,,,,3. Find Existing,How to Find an Informational Item in Oracle Cloud,https://vimeo.com/987396366/09c6a7f5db,vimeo
ERP,,,,3. Find Existing,How to Find a SmartForm in Oracle Cloud,https://vimeo.com/987396651/5e3187c6de,vimeo
ERP,,,,3. Find Existing,How to Find a Information Template in Oracle Cloud,https://vimeo.com/987396932/32f8549fae,vimeo
ERP,,,,3. Find Existing,How to Find a PCCH Categories in Oracle Cloud,https://vimeo.com/987397207/a484597cca,vimeo
ERP,,,,3. Find Existing,How to Find a Content Zone in Oracle Cloud,https://vimeo.com/987397424/6366b96f1f,vimeo
ERP,,,,4. Change Existing,How to Change a Local Catalog in Oracle Cloud,https://vimeo.com/987420460/1bdce9ca3b,vimeo
ERP,,,,4. Change Existing,How to Change a Remote (Punchout) Catalog in Oracle Cloud,https://vimeo.com/987420749/bb87a726b6,vimeo
ERP,,,,4. Change Existing,How to Change an Informational Item in Oracle Cloud,https://vimeo.com/987420983/05756b0cce,vimeo
ERP,,,,4. Change Existing,How to Change a SmartForm in Oracle Cloud,https://vimeo.com/987421230/4c73a48f42,vimeo
ERP,,,,4. Change Existing,How to Change a Information Template in Oracle Cloud,https://vimeo.com/987421563/d4643903a1,vimeo
ERP,,,,4. Change Existing,How to Change a PCCH Categories in Oracle Cloud,https://vimeo.com/987421867/bb9a5ca3db,vimeo
ERP,,,,4. Change Existing,How to Change a Content Zone in Oracle Cloud,https://vimeo.com/987422129/19bf319695,vimeo
ERP,,,,2. Functional Area Overview,Supplier Enablement Process,https://vimeo.com/994148793/f3fa1a2e6c,vimeo
ERP,,,,3. Applications,The Oracle Business Network,https://vimeo.com/969303649/bcd18ca0cb,vimeo
ERP,,,,3. Applications,The 2-Trading Partner Model for OBN,https://vimeo.com/1061598959/c08a2d10b4,vimeo
ERP,,,,4. Popular Integrations,Using DVMs to Connect to OBN,https://vimeo.com/994153644/46a6f7b5e5,vimeo
ERP,,,,2. Create New,How a Supplier Creates a New Supplier Contact in Oracle Cloud,https://vimeo.com/987439534/40630fe12b,vimeo
ERP,,,,2. Create New,How a Supplier Accepts an Invitation to Bid in Oracle Cloud,https://vimeo.com/987439920/5aa2279ed8,vimeo
ERP,,,,2. Create New,How a Supplier Creates a Negotiation Response in Oracle Cloud,https://vimeo.com/987440204/d51ef38246,vimeo
ERP,,,,2. Create New,How a Supplier Creates a Non-PO Invoice in Oracle Cloud,https://vimeo.com/987440749/cd46f5052a,vimeo
ERP,,,,2. Create New,How a Supplier Creates a PO Invoice in Oracle Cloud,https://vimeo.com/987441201/9e16d5660a,vimeo
ERP,,,,2. Create New,How a Supplier Creates an ASN in Oracle Cloud,https://vimeo.com/987441833/222bdc29b8,vimeo
ERP,,,,3. Find Existing,How a Supplier Finds Transactions Requiring Attention in Oracle Cloud,https://vimeo.com/992520125/b923a4d002,vimeo
ERP,,,,3. Find Existing,How a Supplier Finds Recent Activity in Oracle Cloud,https://vimeo.com/992520536/8097917102,vimeo
ERP,,,,3. Find Existing,How a Supplier Finds Transaction Reports in Oracle Cloud,https://vimeo.com/992520822/17f352c545,vimeo
ERP,,,,3. Find Existing,How a Supplier Manages Purchase Orders in Oracle Cloud,https://vimeo.com/992521218/60dd0c5473,vimeo
ERP,,,,3. Find Existing,How a Supplier Acknowledges Purchase Order Schedules in Oracle Cloud,https://vimeo.com/992521603/b5db7f62d5,vimeo
ERP,,,,3. Find Existing,How a Supplier Manages Blanket Purchase Agreement Lines in Oracle Cloud,https://vimeo.com/992522303/4da8d08068,vimeo
ERP,,,,3. Find Existing,How a Supplier Manages Shipments in Oracle Cloud,https://vimeo.com/992522710/1c3692774d,vimeo
ERP,,,,3. Find Existing,How a Supplier Views Receipts in Oracle Cloud,https://vimeo.com/993600537/8eb1c51557,vimeo
ERP,,,,3. Find Existing,How a Supplier Manages Contracts in Oracle Cloud,https://vimeo.com/993601229/5c2e6f9638,vimeo
ERP,,,,3. Find Existing,How a Supplier Manages Deliverables in Oracle Cloud,https://vimeo.com/993601849/58bb422635,vimeo
ERP,,,,3. Find Existing,How a Supplier Finds their Bid Responses in Oracle Cloud,https://vimeo.com/993602201/b35973c9fd,vimeo
ERP,,,,3. Find Existing,How a Supplier Ensures their Invoice is Ready to be Paid (Validated),https://vimeo.com/993602723/f505af3815,vimeo
ERP,,,,3. Find Existing,How a Supplier Views Invoices in Oracle Cloud,https://vimeo.com/993603312/3c4c654894,vimeo
ERP,,,,3. Find Existing,How a Supplier View Payments in Orale Cloud,https://vimeo.com/993603771/12498a9265,vimeo
ERP,,,,3. Find Existing,How to View Active Negotiations (Sourcing) in Oracle Cloud,https://vimeo.com/993604440/b435f6ff46,vimeo
ERP,,,,4. Change Existing,How a Supplier Changes a Local Catalog in Oracle Cloud,https://vimeo.com/993607409/dcb52cac96,vimeo
ERP,,,,4. Change Existing,How a Supplier Changes their Profile,https://vimeo.com/993608218/afe9b49784,vimeo
ERP,,,,6. Ideas for Future Videos,How to Open Accounting Periods,https://vimeo.com/848530038/d13493d509,vimeo
ERP,,,,6. Ideas for Future Videos,End-to-End Invoice to Payment,https://vimeo.com/848530141/032fe7fab2,vimeo
ERP,,,,2. Create New,How to Create a Standard Invoice in Oracle Cloud,https://vimeo.com/847729940/0ef3da19dc,vimeo
ERP,,,,2. Create New,How to Create a Credit Memo in Oracle Cloud,https://vimeo.com/847730716/ed57a5e0ef,vimeo
ERP,,,,2. Create New,How to Create and Apply a PrePayment in Oracle Cloud,https://vimeo.com/847748739/09fa6122f9,vimeo
ERP,,,,2. Create New,How to Create an Invoice w Retainage in Oracle Cloud,https://vimeo.com/847749136,vimeo
ERP,,,,2. Create New,How to Create an Invoice for Retainage in Oracle Cloud,https://vimeo.com/847749905/bfe6f88414,vimeo
ERP,,,,2. Create New,How to Create a Supplier Portal Non-PO Invoice in Oracle Cloud,https://vimeo.com/847751277/f4ed60315f,vimeo
ERP,,,,2. Create New,How to Create a Supplier Portal PO Invoice in Oracle Cloud,https://vimeo.com/848073030/c36bded2b4,vimeo
ERP,,,,2. Create New,How to Create Supplier Portal Credit for PO Line in Oracle Cloud,https://vimeo.com/848095731/beedcc62a1,vimeo
ERP,,,,3. Find Existing,How to Run Standard Reports in Oracle Cloud,https://vimeo.com/1050528195/f08953337e,vimeo
ERP,,,,3. Find Existing,How to Find Invoices Based on Type in Oracle Cloud,https://vimeo.com/848764609/a04bb9d361,vimeo
ERP,,,,3. Find Existing,How Suppliers Find Invoices using the Supplier Portal in Oracle Cloud,https://vimeo.com/848773662/0f88a7a240,vimeo
ERP,,,,4. Change Existing,How to Create $0 Adjustment Invoices,https://vimeo.com/848530202/b06843c6dd,vimeo
ERP,,,,,How to Adjust Invoices in Oracle Cloud,https://vimeo.com/1050527614/7d540ebf51,vimeo
ERP,,,,4. Change Existing,How to Approve an Invoice in Oracle Cloud,https://vimeo.com/1050527904,vimeo
ERP,,,,4. Change Existing,How to Put an Invoice on Hold in Oracle Cloud,https://vimeo.com/1050528083/b5d0e8a989,vimeo
ERP,,,,4. Change Existing,How to Change an Invoice in Oracle Cloud,https://vimeo.com/848274076/82549475ba,vimeo
ERP,,,,2. Create New,How to Pay All Invoices in Oracle Cloud,https://vimeo.com/849000540/863ce5e6e8,vimeo
EndUser SCE,Supply Chain Execution,Inventory Management,The Fundamentals of Inventory Cloud,0. Overview,Inventory Management Course Overview,https://vimeo.com/923127396/4d242bb60c,vimeo
EndUser SCE,,,,1. Learn about,Introduction to Inventory Management,https://vimeo.com/923129521/9533113b82,vimeo
EndUser SCE,,,,1. Learn about,US1 Inventory Organizations,https://vimeo.com/923130737/d7f36b0c89,vimeo
EndUser SCE,,,,2. Create new,PIM recap for Inventory Management,https://vimeo.com/923131878/ccf5ffe3ba,vimeo
EndUser SCE,,,,3. Find existing,Manage Item Quantities,https://vimeo.com/923132149/36560c5931,vimeo
EndUser SCE,,,How to create basic transactions,2. Create new,Create Miscellaneous Receipt,https://vimeo.com/923133192/59047375d1,vimeo
EndUser SCE,,,,2. Create new,Create an account Alias Receipt,https://vimeo.com/926420313/ea74a2e2f9,vimeo
EndUser SCE,,,,2. Create new,Create a Miscellaneous Issue,https://vimeo.com/926422173/3dac1be08f,vimeo
EndUser SCE,,,,2. Create new,Create Subinventory Transfers,https://vimeo.com/935381955/faa9c80219,vimeo
EndUser SCE,,,,3. Find existing,Review completed Transactions,https://vimeo.com/940768734/776bd130e7,vimeo
EndUser SCE,,,How to Perform Movement Requests,1. Learn about,Movement Request Overview,https://vimeo.com/928056672/c4c34fbc3d,vimeo
EndUser SCE,,,,2. Create new,Create Requisition Movement Request,https://vimeo.com/926423831/b34299a3b1,vimeo
EndUser SCE,,,,2. Create new,Print Movement Request Pick Slip Report,https://vimeo.com/926426791/98a593178f,vimeo
EndUser SCE,,,,2. Create new,Pick Confirm Movement Requests,https://vimeo.com/926428180/b54702f03b,vimeo
EndUser SCE,,,,3. Find existing,Manage Movement Requests,https://vimeo.com/928058242/a532dd05b4,vimeo
EndUser SCE,,,Interorganization Transfers,1. Learn about,Interorganization Transfer Overview,https://vimeo.com/928058771/97702be934,vimeo
EndUser SCE,,,,2. Create new,Create Direct Interorganization Transfer,https://vimeo.com/926428934/495024e08e,vimeo
EndUser SCE,,,,2. Create new,Create In-Transit Interorganization Transfers,https://vimeo.com/926429791/6d36f92ff8,vimeo
EndUser SCE,,,,2. Create new,Receive In-Transit Interorganization Transfers,https://vimeo.com/928060751/4f75fa7a58,vimeo
EndUser SCE,,,,2. Create new,Putaway In-Transit Interorganization Transfers,https://vimeo.com/928061943/323c0400ac,vimeo
EndUser SCE,,,Transfer Orders,1. Learn about,Transfer Order Overview,https://vimeo.com/928063529/e895a5bf75,vimeo
EndUser SCE,,,,2. Create new,Create ad-hoc Transfer Order,https://vimeo.com/928066053/de5f674316,vimeo
EndUser SCE,,,,2. Create new,Pickrelease Transfer Orders,https://vimeo.com/930260265/ce97138e50,vimeo
EndUser SCE,,,,2. Create new,Shipping Transfer Orders,https://vimeo.com/930262276/9d1afa27dc,vimeo
EndUser SCE,,,,2. Create new,Interface Transfer Order Shipping Information to Inventory,https://vimeo.com/930263086/8127578640,vimeo
EndUser SCE,,,,3. Find existing,Manage Transfer Orders,https://vimeo.com/930264108/f004435bb9,vimeo
EndUser SCE,,,Min-Max-Planning,1. Learn about,Intro into Min-Max-Planning,https://vimeo.com/930264920/21634572f5,vimeo
EndUser SCE,,,,1. Learn about,Min-Max-Planning Reorder QTY Calculation,https://vimeo.com/932671236/29e271e5a6,vimeo
EndUser SCE,,,,1. Learn about,Min-Max-Planning Rounding Rules,https://vimeo.com/930268499/9131639034,vimeo
EndUser SCE,,,,2. Create new,Create Min-Max-Planning for Subinventory Replenishment,https://vimeo.com/933037284/b2b121eb94,vimeo
EndUser SCE,,,,2. Create new,Run Supplier Replenishment Min-Max-Planning Processes,https://vimeo.com/935359414/8b782a7c9c,vimeo
EndUser SCE,,,,2. Create new,Process the Requisition into a PO Min-Max-Supplier,https://vimeo.com/935364669/dc1b55e0ee,vimeo
EndUser SCE,,,,2. Create new,Supplier MIn Max Planning Receive PO,https://vimeo.com/935366169/0f6b20ff82,vimeo
EndUser SCE,,,,2. Create new,Create Min-Max-Planning from Organization,https://vimeo.com/935367882/04ba46ad80,vimeo
EndUser SCE,,,,2. Create new,Min Max Planning Org Processes,https://vimeo.com/940771066/e110f149f8,vimeo
EndUser SCE,,,Counting,1. Learn about,Counting Intro,https://vimeo.com/940772959/039d35e6c4,vimeo
EndUser SCE,,,,2. Create new,Create Cycle Count,https://vimeo.com/940775375/f512ef2b9b,vimeo
EndUser SCE,,,,2. Create new,Process Cycle Count and Print Report,https://vimeo.com/940777015/3fe0ce9942,vimeo
EndUser SCE,,,,2. Create new,Record Count Sequences,https://vimeo.com/940778220/b48184d5ce,vimeo
EndUser SCE,,,,2. Create new,Approve Cycle Count Adjustments,https://vimeo.com/940779538/54c9efca3a,vimeo
EndUser SCE,,,,2. Create new,Create Physical Inventory,https://vimeo.com/946404842/7f68a0ca95,vimeo
EndUser SCE,,,,2. Create new,Initiate Physical Inventory Counting,https://vimeo.com/946405632/f9f0863ad3,vimeo
EndUser SCE,,,,2. Create new,Record Physical Inventory Tags,https://vimeo.com/946405966/f80cb26a05,vimeo
EndUser SCE,,,,2. Create new,Approve Physical Inventory Adjustments and post changes,https://vimeo.com/946406512/86f9b3dcfa,vimeo
EndUser SCE,,,Receiving,1. Learn about,40 Receipt Routing Options,https://vimeo.com/946407335/f1a794bb36,vimeo
EndUser SCE,,,,2. Create new,41 Correcting Receipts,https://vimeo.com/946408428/0b212178b6,vimeo
EndUser SCE,,,,2. Create new,42 Returning Receipts,https://vimeo.com/946409238/f6df210ecb,vimeo
EndUser SCE,Supply Chain Execution,Cost Accounting,The Fundamentals of the Cost Accounting Cloud in Oracle Cloud,0. Overview,Oracle Cloud Cost Accounting Application Overview,https://vimeo.com/956868321/61405cd268,vimeo
EndUser SCE,,,,0. Overview,Oracle Cloud Cost Organization Structure,https://vimeo.com/956867113/4fdec766a6,vimeo
EndUser SCE,,,,0. Overview,Oracle Cloud Cost Profiles Overview,https://vimeo.com/956867748/aca16573e9,vimeo
EndUser SCE,,,,2. Create new,Actual Cost Step 1 View Default Item Cost Profile,https://vimeo.com/956869043/032337f0f5,vimeo
EndUser SCE,,,,2. Create new,Actual Cost Step 2 Create Actual Cost Item,https://vimeo.com/956869431/165dc4b5cc,vimeo
EndUser SCE,,,,2. Create new,Actual Cost Step 3 Create Miscellaneous Transaction,https://vimeo.com/956870054/d03686a223,vimeo
EndUser SCE,,,,2. Create new,Actual Cost Step 4 Transfer Transactions from Inventory to Costing,https://vimeo.com/956870585/d1df38e87e,vimeo
EndUser SCE,,,,2. Create new,Actual Cost Step 5 Create Cost Accounting Distributions,https://vimeo.com/961302738/8420120984,vimeo
EndUser SCE,,,,2. Create new,Actual Cost Step 6 Create Cost Accounting,https://vimeo.com/961305791/b8424a1521,vimeo
EndUser SCE,,,,2. Create new,Errorshooting Cost Accounting Processes,https://vimeo.com/961310587/a7c47801d9,vimeo
EndUser SCE,,,,2. Create new,Opening Cost Accounting Periods,https://vimeo.com/961313096/9034a564d9,vimeo
EndUser SCE,,,,2. Create new,Review Item Cost in Oracle Cloud,https://vimeo.com/961314350/fee5639597,vimeo
EndUser SCE,,,,2. Create new,Inventory Valuation in Oracle Clouds Cost Accounting,https://vimeo.com/961311926/4c73ab1fb1,vimeo
EndUser SCE,,,,2. Create new,Cost Adjustments in Oracle Cloud,https://vimeo.com/961308457/756e639e4b,vimeo
EndUser SCE,,,,2. Create new,Standard Cost Step 1 View Standard Cost Default Cost Profile,https://vimeo.com/961399177/00ab80f4a7,vimeo
EndUser SCE,,,,2. Create new,Standard Cost Step 2 Create Standard Cost Item,https://vimeo.com/961400275/a24f553abf,vimeo
EndUser SCE,,,,2. Create new,Standard Cost Step 3 Create Cost Scenario,https://vimeo.com/961401567/ea36a9cb2a,vimeo
EndUser SCE,,,,2. Create new,Standard Cost Step 4 Define and Update Standard Cost,https://vimeo.com/961403007/4a1af9be41,vimeo
EndUser SCE,,,,2. Create new,Standard Cost Step 5 Create and Receive PO with PCV,https://vimeo.com/961405641/cad2d101e6,vimeo
EndUser SCE,,,,2. Create new,Standard Cost Step 6 Transfer Transactions to Costing,https://vimeo.com/961407857/ce69cca485,vimeo
EndUser SCE,,,,2. Create new,Standard Cost Step 7 Create Distributions and review PPV/PCV,https://vimeo.com/961408825/099e14ff56,vimeo
EndUser SCE,,,,2. Create new,Standard Cost Step 8 Create Accounting and review Journal Entries,https://vimeo.com/961410649/0ad28b298d,vimeo
EndUser SCE,,,,1. Learn about,Overhead Rates Overview,https://vimeo.com/961539784/fa8f3584d0,vimeo
EndUser SCE,,,,1. Learn about,Resource Rates Overview,https://vimeo.com/962302514/6b1edc7ff7,vimeo
EndUser SCE,,,,2. Create new,How to Create a Resource in Oracle Clouds Work Definitions,https://vimeo.com/962301472/8c93a41bd8,vimeo
EndUser SCE,,,,2. Create new,Defining Resource Rates in Oracle Cloud,https://vimeo.com/962297329/a22de0a006,vimeo
EndUser SCE,,,,2. Create new,Defining Overhead Rates in Oracle Cloud,https://vimeo.com/961529769/afd7c75860,vimeo
EndUser SCE,,,,2. Create new,Overhead Accounting Rules,https://vimeo.com/962298806/8e19dbe74f,vimeo
EndUser SCE,,,,3. Find existing,Review existing Work Definitions for Standard Cost Rollup,https://vimeo.com/962307700/6dab92b01a,vimeo
EndUser SCE,,,,3. Find existing,Review Standard Cost for Standard Cost Rollup,https://vimeo.com/962309891/640cdadba9,vimeo
EndUser SCE,,,,2. Create new,Rollup Standard Cost,https://vimeo.com/962312384/4835580bc0,vimeo
EndUser SCE,,,,2. Create new,Review Work Order Cost,https://vimeo.com/962311431/5a85b35973,vimeo
EndUser SCE,,,,2. Create new,Create Cost Distribution Details Report,https://vimeo.com/962306402/a838093fe4,vimeo
EndUser SCE,,,,2. Create new,Compare Standard Cost Scenarios,https://vimeo.com/962304126/a39120ba6e,vimeo
Finance,,,,1. Learn about,Journal Application Overview,https://vimeo.com/1008107602/90ad4874eb,vimeo
Finance,,,How to create basic transactions,2. Create new,How to Create an On-Line Journal,https://vimeo.com/1008107700/d0d8665e43,vimeo
Finance,,,,2. Create new,How to Create an Excel Upload Journal,https://vimeo.com/1008107548/d1367bb2cb,vimeo
Finance,,,,2. Create new,How to Create a Statistical Journal,https://vimeo.com/1008107845/c9c832bb40,vimeo
Finance,,,,2. Create new,How to Create a Budget Journal,https://vimeo.com/1008107488/8b73b15136,vimeo
Finance,,,,2. Create new,How to Create a Foreign Currency Spreadsheet Journal,https://vimeo.com/1008107510/23fbfc5a64,vimeo
Finance,,,,4. Change existing,How to Edit a Journal,https://vimeo.com/1008107533/9d241298b2,vimeo
Finance,,,"How to Approve, Post and Reverse Tranactions",4. Change existing,How to Approve a Journal,https://vimeo.com/1008107628/b84322cd3d,vimeo
Finance,,,,4. Change existing,How to Post a Journal,https://vimeo.com/1008107738/0451a22b7e,vimeo
Finance,,,,4. Change existing,How to Run the Journal Autopost,https://vimeo.com/1008107648/2461acd7dc,vimeo
Finance,,,,4. Change existing,How to Post a Prior Period Journal,https://vimeo.com/1008107769/f4862a0bf6,vimeo
Finance,,,,4. Change existing,How to Post a Future Period Journal,https://vimeo.com/1008107576/0e132a4444,vimeo
Finance,,,,4. Change existing,How to Reverse a Posted Journal,https://vimeo.com/1008107792/7dd42fdabe,vimeo
Finance,,,How to Review and Report Journal Transactions,3. Find existing,How to Review a Journal,https://vimeo.com/1008107812/111b5f9fbd,vimeo
Finance,,,,3. Find existing,How to Run the Journals Report,https://vimeo.com/1008107673/afd1f2e306,vimeo
Finance,,,,3. Find existing,How to Run the  Account Analysis Report,https://vimeo.com/1008107452/5847112ed5,vimeo
