profile_id,name,email,test,old,new,visible_before,visible_after
0b2ba738-90ee-4ae3-8b77-4c18ceb2317a,Japreet singh,japreet.ss@elfonze.com,false,0,6,false,false
d2f7cc89-007b-43a4-a810-dc3db3d7051e,Pandurang Joshi,vikasvjoshi4u@gmail.com,false,25,22,false,false
2d6e13d2-7ac0-44ff-8de4-b094fd6be62a,Pradeep Kohar,pradeep@graceitcs.com,false,0,6,false,false
7a05ac7c-e548-45e2-80e7-ec1722c39b65,Pooja Mehta,poojamehta9497@gmail.com,false,0,6,false,false
70e23e12-385a-4827-aef0-8a11e775bdfd,Hazem Waleed,hazemwaleed2@outlook.com,false,62,38,false,false
4194fbaa-bee5-4699-bdf8-4fd9e635b18d,Shaik Abdulla,workplc666@gmail.com,false,0,6,false,false
a0658af6-d656-475f-b930-2e505396b43d,Jon Hall,mrj.hall96@gmail.com,false,9,6,false,false
165a677e-9173-490b-99cc-88bfab759828,Lena Bianchi,seed.lena.bianchi.10@example.seed,false,0,62,false,false
9cd7ed75-a6df-450c-9289-796cc24520c3,Ingrid Yamashita,seed.ingrid.yamashita.23@example.seed,false,0,54,false,false
0d4eb39b-b9a2-43cc-9990-dda9833f53e1,Hassan Almeida,seed.hassan.almeida.24@example.seed,false,0,54,false,false
5d7a0d6d-d584-4009-8258-d3d0ce91d4cc,Petra Nakamura,seed.petra.nakamura.25@example.seed,false,0,54,false,false
854aeec7-b1a9-4f90-b500-114140219730,Avery Nakamura,seed.avery.nakamura.1@example.seed,false,0,54,false,false
5297ce4d-36e4-4e33-9004-0ff69f779530,Rowan Bergström,seed.rowan.bergström.2@example.seed,false,0,54,false,false
5e44787f-ffaf-4d58-bed7-78b4d912e73b,Sasha Farouk,seed.sasha.farouk.3@example.seed,false,0,54,false,false
23dd645c-f52e-4ddd-b78e-4e9e7fa1256e,Devon Okonkwo,seed.devon.okonkwo.4@example.seed,false,0,54,false,false
12ebb3b1-f5ac-4609-af45-aae0307f7a3e,Imani Adeyemi,seed.imani.adeyemi.5@example.seed,false,0,54,false,false
4ce6ebde-7ad8-49f9-aa35-e730331ea908,Noor Rahman,seed.noor.rahman.6@example.seed,false,0,54,false,false
c0dc8095-d339-4fce-a8d5-b51880dbfa92,Kai Rees,seed.kai.rees.7@example.seed,false,0,54,false,false
c59194aa-e389-4b25-b158-eb978df31fb5,Marisol Balewa,seed.marisol.balewa.8@example.seed,false,0,54,false,false
29bd0348-885f-4e68-ad19-1921695d5597,Ravi Lindqvist,seed.ravi.lindqvist.11@example.seed,false,0,62,false,false
47219aca-be81-45cc-ad8e-a9e4827bfcbc,Cassidy Marchetti,seed.cassidy.marchetti.12@example.seed,false,0,54,false,false
a0d5a26c-76b2-4b74-8e8e-5b4da167b74e,Emeka Costa,seed.emeka.costa.13@example.seed,false,0,54,false,false
abdc1dd9-8583-4151-bd65-2a7c033aab8c,Yuki Kovac,seed.yuki.kovac.14@example.seed,false,0,54,false,false
80d9ab7d-c1f6-4af0-8bb5-297b17440fd8,Sana Castellanos,seed.sana.castellanos.15@example.seed,false,0,54,false,false
2873c3bc-e024-4683-bc25-3f11e72f7be6,Bruno Osei,seed.bruno.osei.16@example.seed,false,0,54,false,false
453f79e4-890c-45e3-a998-86038cad5395,Freya Sørensen,seed.freya.sørensen.17@example.seed,false,0,54,false,false
76f70f97-eb51-4611-810b-2675625c259d,Omar Ferrara,seed.omar.ferrara.18@example.seed,false,0,54,false,false
dbf62bda-8511-4d0d-91d3-0e8f4e4cd99f,Talia Halvorsen,seed.talia.halvorsen.19@example.seed,false,0,54,false,false
e3d253f3-11e9-4eb0-ac18-91c444202ff5,Nils Novak,seed.nils.novak.20@example.seed,false,0,54,false,false
9f116c3a-6444-405d-b403-3140acb220b2,Isolde Mensah,seed.isolde.mensah.21@example.seed,false,0,54,false,false
1d2a9610-9ebd-4879-9bd7-d89b54a2c0a6,Tobias Duarte,seed.tobias.duarte.9@example.seed,false,0,54,false,false
47a7a5cc-6438-479a-819a-1ea00b108c16,Mateo Voss,seed.mateo.voss.22@example.seed,false,0,54,false,false
9fe40bc2-0e3d-47f1-8f24-3994497fd6dc,Keith Richards,sw_user12@straterp.com,false,0,54,false,false
34360594-ee56-4df7-a5d4-64e480cce85e,Juan Crouzier,sw_user10@straterp.com,false,0,54,false,false
0b583834-56fd-483f-8af5-ec430b2938ea,E507 PruneProbe,e507.prune.1790044350560@example.test,false,0,6,false,false
477d0eba-4933-4a3a-9fa7-0d8fe0c4a265,Mick McCartney,test6@panameer.com,false,0,54,false,false
52fddc27-f874-42a1-b58a-f5f73b30990d,Vince Neil,sw_user5@straterp.com,false,0,54,false,false
ef9bb4d0-9304-44f6-b2c8-546a70e72730,Warren DiMartini,sw_user8@straterp.com,false,0,54,false,false
c8f66545-f5b6-4703-aee1-10aac84618a5,Stephen Pearcy,sw_user9@straterp.com,false,0,54,false,false
79bf8791-b6ec-41bc-ba35-12159f5e6e02,Rick Savage,sw_user15@straterp.com,false,0,54,false,false
7e7ac478-a69a-45d9-9123-152cd6689263,Joe Elliot,sw_user19@straterp.com,false,0,54,false,false
2defaea9-6f5e-44bd-9c4b-895955bfeca3,Rick Allen,sw_user16@straterp.com,false,0,54,false,false
4e96b114-c135-4b76-aaab-5a73c7da3d2e,Vivian Cambell,sw_user20@straterp.com,false,0,54,false,false
b036b1e5-7f85-4a47-9b86-841a80b31652,Gowthami Vennapusa,gowthami.vennapusa590@gmail.com,false,17,14,false,false
26106436-2cab-4ed5-8e3b-f78903d338ae,Steve Clarke,sw_user17@straterp.com,false,0,54,false,false
5445adb9-0168-44e3-9498-e4861fb963a8,Eli Rosen,sw_user26@straterp.com,false,0,62,false,false
80a8ff03-0bb1-4171-b858-1d94fa8a56a9,Priya Nair,sw_user21@straterp.com,false,71,62,false,false
0eaea365-12fa-4f71-b9a0-1a6cc03a373a,Marcus Reed,sw_user22@straterp.com,false,0,62,false,false
28877a27-e031-46bc-8bc0-5cfb05bf2c49,Maritza Gil,sw_user27@straterp.com,false,0,62,false,false
06660094-7bf4-49d5-bd8e-9d392e0e47c6,Warren Harrison,test7@panameer.com,false,0,54,false,false
44f1c996-a6b2-49ec-b485-6fda6f04e4b5,Doug Pratt,sw_user28@straterp.com,false,0,62,false,false
03bf0a5c-c44f-4c78-9f77-280f956760c6,Mick Mars,sw_user6@straterp.com,false,0,54,false,false
cf93504b-539a-4125-86bf-cdf06e96c235,Mick Jagger,sw_user11@straterp.com,false,0,54,false,false
b19031b0-3914-468b-a8c4-39e713076140,Tomas Herrera,sw_user24@straterp.com,false,0,62,false,false
21c769b9-545c-4e8f-b648-770fc261598a,Tommy Lennon,test5@panameer.com,false,0,54,false,false
3f5c05ce-bd7d-49b1-bdde-7fcbbefb2aaf,Louisa Vance,sw_user29@straterp.com,false,0,62,false,false
f9ff2dba-eacd-4344-b9f4-3ec19742ca04,Pavan V,fusionpraveen07@gmail.com,false,59,46,false,false
0dcd3174-450c-4119-bf20-d553b4bfddf7,Vincent Best,test3@panameer.com,false,0,54,false,false
2d4de99c-5909-4d40-b28b-31b69fbe302e,Robin Crosby,sw_user7@straterp.com,false,0,54,false,false
64d9f7a0-ea39-4b54-b281-4408bcc8a0fd,Dana Whitfield,sw_user23@straterp.com,false,0,62,false,false
dff274aa-b97b-47f2-ad22-37db55139e0b,Karen Boyd,sw_user25@straterp.com,false,0,62,false,false
e792dcfd-d878-41b1-b4e7-dba345fd289c,Reuben Ellis,sw_user30@straterp.com,false,0,62,false,false
cc5ec649-fcb6-4215-9681-e397e9a64ab6,Pil Collen,sw_user18@straterp.com,false,0,54,false,false
0bbde149-081b-4abc-adf5-d0cdaf1337b8,Michael Star,test4@panameer.com,false,0,54,false,false
7288c328-6a9b-4970-ab8b-63530c4e7e8b,Jakob Bent Smed,jbs@phase0erp.com,false,0,6,false,false
c4cd9904-9c70-4aab-a2ae-b874a012cd57,Satwik Jambula,satwik.oracle@gmail.com,false,9,6,false,false
4fbddcb0-1db3-411d-a94f-6103b692ea25,Ratakonda Sucharitha,sucharitha.dolly1999@gmail.com,false,0,12,false,false
0ead7830-808a-4a76-8602-8c2b20faa277,Kat Simkiss,katsimkiss88@gmail.com,false,76,56,false,false
88fced78-7130-47d6-b253-b062e335982b,Manik Sethi,maniksethi.811@gmail.com,false,73,48,false,false
3c350aff-a53f-4a75-8c55-27848b9b2b0d,Linus Erley,sw_user2@straterp.com,false,92,95,true,true
4e50f70f-c5a2-45ae-b258-9dacb528bec4,Geoff Tate,test8@panameer.com,false,92,64,true,false
b8234724-0caa-4df1-bfc8-6cb0d22a3013,Mahendra Koduganti,mahendra.kmv9491@gmail.com,false,86,64,true,false
4f32110c-aa2a-4dd8-ab6a-e6512ced2563,Abe Applebaum (11),test11@panameer.com,false,92,64,true,false
6df2fedb-d5c7-4545-a7b5-adb58a2e62c2,Hitesh Singhal,hiteshsinghal1997@gmail.com,false,84,56,true,false
be58913b-2867-4a75-9e47-007eebcd37a4,Charles Schwab (14),test14@panameer.com,false,89,64,true,false
87742387-6812-4430-bd4e-52cef6025219,Sameh Sherif,samehmsherif@hotmail.com,false,9,6,false,false
3a1445bc-dad6-497f-b68b-8e81975ccb3f,Bob Bell (12),test12@panameer.com,false,97,98,true,true
5c4ddcee-a23a-4f22-8e71-062966b390fc,Vijaykanth Mandala,vijayinfoglobal43@gmail.com,false,97,98,true,true
02d5b1e2-1992-44bd-8b3e-74b29fca1bfd,Peter Projects (10),test10@panameer.com,false,89,64,true,false
448e36e4-a555-4919-8ade-c44ef48983d3,Peter Projects (9),test9@panameer.com,false,0,6,false,false
4110728e-7bc6-483a-b27f-cf0ee123d770,Eddie Cairnie,sw_user3@straterp.com,false,92,95,true,true
1ca8f11e-a4e6-4c6c-b106-d3e0d56087ad,Ronnie Recruiter (15),test15@panameer.com,false,93,74,true,false
2aa55630-30d9-4310-a43f-4ce8c27d8c40,Chandu Kantipudi,chandukantipudi1@gmail.com,false,9,6,false,false
d44027d0-0a9d-4f74-beaf-5524b18c1707,Panameer Admin,admin@panameer.com,false,82,70,true,false
bd913c55-268b-48e3-b2bf-68d05bf4e995,Paulie Provider (17),test17@panameer.com,false,87,91,true,true
35c6a82b-cdda-4f49-b76e-19ad6c945820,Marelise Steenkamp,sw_user4@straterp.com,false,77,70,false,false
9f661e64-9f97-4819-b62e-779a502cd8b3,Akhil Gurram,akhilgurram2002@gmail.com,false,89,64,true,false
1646fea5-0ce4-4f82-b024-4c0ce7ae1ecb,Ritesh Kohar,ritesh@graceitcs.com,false,0,6,false,false
7a588963-b771-49f4-a810-b0658876c54f,Nimesha Muthunayakage,nimeshacs@gmail.com,false,96,74,true,false
28719bf9-a469-4236-9d74-b615cf01ee00,Sandeep Pachauri,sandeeppachauri.17061@gmail.com,false,96,70,true,false
807a5ac7-de78-4b63-8e8b-0f1ef75bd2d9,Muhammad Mohsin,raomohsin085@gmail.com,false,82,74,true,false
d68e7337-f7bf-411d-8757-f4c9d96150d6,Raveendra Vavila,ravindravavila@gmail.com,false,59,56,false,false
b7207dfb-6032-42f8-bbfc-4fde633ee533,Saket Kukde,saketkukde@gmail.com,false,9,6,false,false
8b71e9ed-92d8-448e-a328-f6348a39d34e,Ulia Usertest (19),test19@panameer.com,false,0,6,false,false
c0625c90-ab70-4e25-b671-a7bf924bfb00,Baskar Chandramouli,ssb151620@gmail.com,false,90,70,true,false
452daf16-8e33-466e-930e-4e5611b5ecfa,Amritpal Singh,amrit44b@gmail.com,false,0,6,false,false
